date,line,minutes late
2025-01-01,Blue,-4.7
2025-01-01,Blue,7.7
2025-01-01,Blue,0.2
2025-01-01,Green,4.9
2025-01-01,Green,-0.5
2025-01-02,Gold,6.3
2025-01-03,Gold,7.7
2025-01-04,Blue,5.1
2025-01-05,Blue,4.5
2025-01-05,Blue,6.4
2025-01-05,Red,9.8
2025-01-07,Blue,6.3
2025-01-07,Blue,0.8
2025-01-07,Gold,11.9
2025-01-07,Red,7.5
2025-01-07,Red,4.3
2025-01-08,Blue,2.5
2025-01-08,Blue,3.3
2025-01-08,Green,3.6
2025-01-08,Green,-2.0
2025-01-09,Blue,1.6
2025-01-10,Blue,1.3
2025-01-10,Blue,3.1
2025-01-11,Red,9.1
2025-01-12,Red,11.2
2025-01-13,Blue,1.6
2025-01-13,Gold,5.3
2025-01-14,Green,5.0
2025-01-15,Blue,5.7
2025-01-15,Blue,10.1
2025-01-15,Blue,4.1
2025-01-15,Blue,0.9
2025-01-17,Blue,6.9
2025-01-18,Green,1.3
2025-01-19,Blue,6.2
2025-01-19,Blue,5.0
2025-01-20,Red,6.5
2025-01-21,Gold,3.9
2025-01-21,Red,8.8
2025-01-22,Blue,0.3
2025-01-22,Blue,6.5
2025-01-22,Red,3.8
2025-01-23,Blue,1.1
2025-01-23,Red,0.7
2025-01-24,Blue,13.7
2025-01-25,Blue,-1.6
2025-01-25,Green,11.7
2025-01-26,Blue,4.3
2025-01-26,Gold,2.6
2025-01-26,Green,5.9
2025-01-27,Blue,-6.9
2025-01-28,Blue,4.9
2025-01-29,Blue,3.5
2025-01-29,Red,-2.1
2025-01-29,Red,0.7
2025-01-29,Red,0.9
2025-01-30,Gold,7.5
2025-01-31,Blue,-3.9
2025-02-02,Gold,4.6
2025-02-04,Blue,2.8
2025-02-04,Red,5.5
2025-02-06,Blue,-3.1
2025-02-07,Blue,-3.0
2025-02-07,Blue,4.9
2025-02-07,Blue,5.6
2025-02-07,Blue,3.5
2025-02-07,Red,2.1
2025-02-08,Blue,-1.7
2025-02-09,Blue,0.8
2025-02-09,Blue,-0.4
2025-02-09,Blue,-1.0
2025-02-09,Green,-0.9
2025-02-11,Green,6.0
2025-02-12,Blue,8.5
2025-02-12,Red,2.8
2025-02-12,Red,-1.3
2025-02-12,Red,9.4
2025-02-13,Blue,-1.0
2025-02-14,Red,0.0
2025-02-14,Red,5.7
2025-02-16,Blue,1.6
2025-02-16,Red,3.6
2025-02-16,Red,7.4
2025-02-17,Blue,0.7
2025-02-18,Blue,4.7
2025-02-18,Blue,3.0
2025-02-18,Gold,4.4
2025-02-20,Gold,2.9
2025-02-20,Green,5.8
2025-02-20,Red,-1.9
2025-02-21,Gold,2.6
2025-02-22,Blue,11.3
2025-02-22,Blue,1.0
2025-02-22,Green,0.8
2025-02-23,Blue,0.1
2025-02-23,Red,-0.1
2025-02-24,Blue,0.1
2025-02-26,Green,3.3
2025-02-27,Blue,1.5
2025-03-02,Red,0.8
2025-03-03,Blue,3.5
2025-03-03,Gold,2.2
2025-03-03,Red,0.8
2025-03-05,Blue,3.6
2025-03-05,Blue,-5.2
2025-03-05,Green,8.9
2025-03-05,Red,2.8
2025-03-06,Blue,-1.3
2025-03-06,Blue,2.4
2025-03-07,Blue,3.4
2025-03-08,Blue,0.7
2025-03-09,Blue,4.7
2025-03-09,Blue,4.5
2025-03-09,Green,7.2
2025-03-09,Green,-4.9
2025-03-09,Red,-1.3
2025-03-09,Red,-1.3
2025-03-09,Red,-1.7
2025-03-10,Blue,4.0
2025-03-10,Gold,-0.3
2025-03-10,Green,3.8
2025-03-12,Blue,1.3
2025-03-14,Red,-4.4
2025-03-15,Blue,2.8
2025-03-15,Green,6.0
2025-03-16,Blue,1.4
2025-03-17,Green,5.9
2025-03-18,Red,2.4
2025-03-19,Blue,4.0
2025-03-19,Red,-0.7
2025-03-19,Red,-4.6
2025-03-20,Blue,-1.6
2025-03-20,Green,4.0
2025-03-21,Blue,0.2
2025-03-21,Blue,-0.3
2025-03-22,Blue,0.4
2025-03-22,Blue,3.3
2025-03-22,Red,-2.3
2025-03-23,Blue,1.1
2025-03-24,Blue,-1.4
2025-03-24,Gold,0.1
2025-03-25,Blue,-7.0
2025-03-26,Blue,-1.3
2025-03-28,Red,-3.5
2025-03-28,Red,1.4
2025-03-29,Blue,0.6
2025-03-29,Blue,-8.9
2025-03-29,Blue,-0.6
2025-03-30,Blue,1.4
2025-03-31,Green,2.2
2025-03-31,Red,2.6
2025-04-01,Green,0.3
2025-04-01,Red,-2.8
2025-04-02,Green,4.6
2025-04-02,Green,4.2
2025-04-02,Red,-3.9
2025-04-03,Blue,-0.5
2025-04-03,Blue,1.1
2025-04-03,Green,2.5
2025-04-03,Green,-5.5
2025-04-03,Red,4.0
2025-04-03,Red,-3.1
2025-04-04,Blue,1.9
2025-04-05,Blue,1.7
2025-04-05,Blue,1.9
2025-04-06,Green,0.4
2025-04-06,Green,1.7
2025-04-06,Green,5.6
2025-04-06,Red,1.9
2025-04-07,Blue,-3.0
2025-04-07,Blue,0.0
2025-04-07,Blue,1.9
2025-04-08,Blue,3.1
2025-04-08,Red,1.7
2025-04-09,Blue,-0.4
2025-04-09,Blue,5.0
2025-04-09,Gold,1.9
2025-04-10,Blue,-1.0
2025-04-10,Blue,-1.6
2025-04-11,Blue,-2.8
2025-04-11,Blue,-1.3
2025-04-11,Blue,4.0
2025-04-11,Blue,5.1
2025-04-11,Gold,6.4
2025-04-11,Green,2.1
2025-04-12,Blue,-5.3
2025-04-12,Red,-3.8
2025-04-13,Blue,0.6
2025-04-14,Blue,3.8
2025-04-15,Gold,4.4
2025-04-15,Red,-1.0
2025-04-16,Red,1.7
2025-04-17,Blue,-3.8
2025-04-17,Gold,6.7
2025-04-17,Red,1.1
2025-04-19,Blue,4.6
2025-04-20,Blue,2.3
2025-04-21,Red,1.2
2025-04-22,Blue,0.6
2025-04-22,Gold,0.6
2025-04-24,Blue,-2.5
2025-04-24,Red,2.4
2025-04-25,Blue,0.8
2025-04-25,Gold,3.2
2025-04-25,Green,-0.1
2025-04-28,Blue,-0.1
2025-04-28,Red,0.6
2025-04-29,Blue,-0.6
2025-04-29,Blue,-4.2
2025-04-30,Blue,-2.9
2025-04-30,Blue,0.8
2025-05-02,Red,2.3
2025-05-02,Red,-4.8
2025-05-02,Red,5.4
2025-05-03,Gold,3.3
2025-05-03,Green,1.4
2025-05-03,Red,1.1
2025-05-03,Red,0.5
2025-05-04,Blue,-0.6
2025-05-04,Red,3.9
2025-05-05,Blue,-0.8
2025-05-05,Green,7.7
2025-05-06,Green,-3.1
2025-05-07,Blue,8.5
2025-05-07,Blue,-1.8
2025-05-07,Gold,3.9
2025-05-08,Blue,0.7
2025-05-09,Blue,0.8
2025-05-10,Gold,7.2
2025-05-10,Green,-2.7
2025-05-10,Red,2.0
2025-05-11,Blue,-0.6
2025-05-11,Gold,6.3
2025-05-12,Green,0.2
2025-05-13,Blue,-2.8
2025-05-13,Blue,-1.3
2025-05-14,Green,5.3
2025-05-17,Blue,-4.0
2025-05-18,Blue,-7.1
2025-05-18,Blue,-5.2
2025-05-19,Blue,0.7
2025-05-20,Blue,5.7
2025-05-20,Blue,2.4
2025-05-21,Blue,-3.7
2025-05-21,Blue,5.3
2025-05-22,Blue,-0.7
2025-05-22,Green,4.2
2025-05-23,Blue,-1.2
2025-05-23,Red,5.2
2025-05-24,Blue,1.4
2025-05-24,Blue,0.7
2025-05-24,Red,3.4
2025-05-24,Red,5.1
2025-05-24,Red,-1.1
2025-05-25,Blue,-1.3
2025-05-25,Blue,-1.3
2025-05-25,Gold,4.9
2025-05-28,Green,-0.1
2025-05-29,Blue,-0.5
2025-05-30,Blue,-1.9
2025-05-30,Gold,1.0
2025-05-31,Gold,2.9
2025-05-31,Red,-0.9
2025-06-01,Red,0.2
2025-06-02,Green,5.1
2025-06-03,Green,-0.2
2025-06-04,Blue,-2.6
2025-06-04,Green,-2.3
2025-06-05,Blue,6.0
2025-06-05,Blue,-1.2
2025-06-05,Gold,2.5
2025-06-05,Green,1.8
2025-06-08,Blue,5.6
2025-06-08,Green,5.8
2025-06-09,Blue,3.5
2025-06-09,Blue,1.4
2025-06-09,Blue,1.4
2025-06-11,Blue,-1.9
2025-06-11,Red,-0.3
2025-06-12,Blue,3.7
2025-06-12,Blue,0.9
2025-06-13,Blue,2.3
2025-06-13,Green,3.1
2025-06-13,Green,-0.2
2025-06-13,Red,1.2
2025-06-14,Green,4.9
2025-06-17,Blue,0.8
2025-06-18,Red,1.7
2025-06-19,Blue,-6.2
2025-06-19,Red,-1.8
2025-06-20,Blue,3.0
2025-06-20,Blue,0.2
2025-06-21,Gold,-2.3
2025-06-22,Blue,-4.7
2025-06-22,Blue,-1.9
2025-06-23,Green,0.5
2025-06-23,Red,-1.7
2025-06-23,Red,-5.5
2025-06-24,Blue,-0.5
2025-06-24,Green,-0.9
2025-06-25,Blue,4.0
2025-06-26,Blue,-2.6
2025-06-26,Green,5.4
2025-06-26,Red,8.2
2025-06-27,Blue,-1.6
2025-06-27,Gold,3.1
2025-06-28,Blue,-0.7
2025-06-28,Blue,3.5
2025-06-28,Blue,-1.7
2025-06-29,Gold,1.0
2025-06-29,Green,2.2
2025-06-29,Red,5.3
2025-06-29,Red,-2.7
2025-07-01,Gold,1.4
2025-07-01,Red,3.3
2025-07-02,Red,-0.6
2025-07-03,Green,2.7
2025-07-04,Gold,0.2
2025-07-04,Green,1.7
2025-07-04,Green,3.4
2025-07-04,Red,1.5
2025-07-05,Blue,5.4
2025-07-05,Blue,1.7
2025-07-06,Blue,4.7
2025-07-06,Gold,2.6
2025-07-07,Blue,-3.3
2025-07-07,Blue,-0.2
2025-07-08,Red,-1.3
2025-07-09,Blue,1.5
2025-07-10,Blue,-0.6
2025-07-10,Blue,5.3
2025-07-10,Blue,0.5
2025-07-12,Green,5.5
2025-07-12,Red,-6.0
2025-07-13,Blue,-1.0
2025-07-13,Blue,-1.9
2025-07-14,Blue,-4.8
2025-07-14,Blue,-2.6
2025-07-14,Blue,0.9
2025-07-15,Green,2.7
2025-07-16,Blue,3.9
2025-07-16,Gold,3.8
2025-07-16,Red,0.5
2025-07-18,Gold,2.4
2025-07-20,Blue,-2.7
2025-07-20,Red,-0.1
2025-07-22,Blue,3.7
2025-07-22,Blue,-3.4
2025-07-22,Red,1.1
2025-07-23,Blue,-4.4
2025-07-23,Blue,0.3
2025-07-23,Red,0.1
2025-07-26,Red,0.4
2025-07-27,Blue,-3.8
2025-07-27,Blue,2.7
2025-07-27,Gold,0.2
2025-07-27,Green,3.0
2025-07-27,Green,3.1
2025-07-27,Red,-1.7
2025-07-28,Blue,2.8
2025-07-29,Blue,2.6
2025-07-29,Blue,-0.3
2025-07-29,Green,4.3
2025-07-30,Red,10.3
2025-08-01,Red,3.2
2025-08-02,Blue,2.1
2025-08-02,Blue,-0.2
2025-08-03,Gold,3.9
2025-08-03,Green,6.1
2025-08-03,Red,-0.0
2025-08-04,Blue,-3.0
2025-08-04,Blue,-1.7
2025-08-05,Red,4.9
2025-08-06,Blue,1.3
2025-08-07,Gold,9.2
2025-08-07,Gold,2.2
2025-08-07,Green,7.6
2025-08-07,Red,5.0
2025-08-08,Blue,-3.5
2025-08-08,Blue,2.0
2025-08-08,Blue,-2.1
2025-08-09,Red,4.7
2025-08-09,Red,4.9
2025-08-10,Blue,-5.8
2025-08-10,Green,2.6
2025-08-11,Blue,-1.0
2025-08-11,Gold,5.3
2025-08-12,Blue,1.2
2025-08-12,Green,1.8
2025-08-13,Red,-4.7
2025-08-15,Blue,6.2
2025-08-15,Gold,1.6
2025-08-17,Blue,-2.3
2025-08-17,Blue,5.1
2025-08-17,Gold,-0.9
2025-08-17,Red,-3.7
2025-08-18,Blue,3.3
2025-08-18,Red,-3.3
2025-08-18,Red,-1.6
2025-08-18,Red,2.6
2025-08-19,Red,-2.1
2025-08-20,Red,2.3
2025-08-20,Red,-1.2
2025-08-21,Red,0.1
2025-08-22,Blue,2.3
2025-08-23,Blue,-8.2
2025-08-23,Blue,2.0
2025-08-23,Green,3.4
2025-08-24,Blue,1.0
2025-08-24,Blue,-4.4
2025-08-25,Green,5.0
2025-08-29,Gold,-4.8
2025-08-29,Green,0.3
2025-08-30,Blue,3.4
2025-08-30,Green,1.4
2025-08-30,Red,-2.2
2025-08-31,Gold,3.5
2025-09-01,Blue,-0.5
2025-09-01,Gold,-0.5
2025-09-01,Red,0.6
2025-09-02,Green,-0.4
2025-09-02,Green,0.2
2025-09-02,Red,7.2
2025-09-03,Blue,0.4
2025-09-03,Green,1.8
2025-09-04,Blue,5.9
2025-09-05,Blue,-4.7
2025-09-06,Blue,-1.8
2025-09-06,Blue,-10.8
2025-09-06,Green,2.3
2025-09-06,Red,-5.1
2025-09-08,Blue,-3.2
2025-09-09,Blue,-3.8
2025-09-09,Red,2.0
2025-09-09,Red,4.7
2025-09-09,Red,1.1
2025-09-11,Blue,2.9
2025-09-11,Green,3.1
2025-09-11,Green,2.6
2025-09-13,Blue,-3.4
2025-09-14,Blue,1.6
2025-09-14,Blue,-4.2
2025-09-14,Blue,-5.2
2025-09-14,Green,0.0
2025-09-15,Blue,3.7
2025-09-15,Gold,3.5
2025-09-16,Blue,-2.4
2025-09-16,Green,-2.2
2025-09-16,Green,3.3
2025-09-17,Blue,5.2
2025-09-17,Blue,-5.9
2025-09-17,Gold,11.7
2025-09-17,Gold,2.2
2025-09-17,Green,8.0
2025-09-18,Blue,-2.8
2025-09-19,Blue,-3.4
2025-09-21,Red,1.7
2025-09-22,Blue,0.6
2025-09-23,Blue,-5.7
2025-09-23,Gold,1.4
2025-09-23,Green,-1.5
2025-09-24,Red,3.4
2025-09-27,Red,11.2
2025-09-28,Blue,-0.1
2025-09-28,Blue,4.2
2025-09-28,Blue,4.0
2025-09-29,Blue,-4.7
2025-09-29,Gold,10.3
2025-09-29,Gold,4.7
2025-09-30,Blue,1.0
2025-10-01,Blue,-3.6
2025-10-01,Blue,1.9
2025-10-01,Blue,-4.2
2025-10-02,Blue,0.8
2025-10-02,Blue,-0.0
2025-10-02,Green,3.0
2025-10-02,Green,8.0
2025-10-04,Blue,-0.5
2025-10-04,Gold,-1.2
2025-10-04,Red,0.8
2025-10-05,Red,-0.3
2025-10-07,Blue,1.0
2025-10-07,Green,3.7
2025-10-08,Red,1.2
2025-10-08,Red,-0.4
2025-10-09,Blue,0.8
2025-10-10,Blue,-2.7
2025-10-10,Blue,-4.1
2025-10-10,Red,0.6
2025-10-11,Blue,-5.1
2025-10-11,Red,-2.0
2025-10-11,Red,4.6
2025-10-12,Blue,3.0
2025-10-12,Gold,8.0
2025-10-13,Gold,1.7
2025-10-14,Blue,0.3
2025-10-15,Blue,-1.5
2025-10-15,Blue,3.2
2025-10-15,Blue,7.5
2025-10-15,Gold,6.2
2025-10-15,Red,-0.9
2025-10-16,Green,-4.0
2025-10-17,Blue,1.3
2025-10-17,Blue,-5.5
2025-10-17,Blue,0.6
2025-10-18,Blue,6.4
2025-10-18,Red,-3.6
2025-10-20,Blue,3.2
2025-10-21,Green,2.1
2025-10-21,Red,4.9
2025-10-21,Red,0.2
2025-10-22,Blue,-5.2
2025-10-22,Blue,-4.2
2025-10-22,Red,-1.6
2025-10-23,Blue,0.3
2025-10-23,Blue,-7.3
2025-10-24,Red,0.4
2025-10-26,Blue,0.2
2025-10-26,Blue,-2.4
2025-10-27,Blue,4.4
2025-10-27,Red,0.4
2025-10-28,Blue,-0.8
2025-10-29,Blue,5.2
2025-10-29,Blue,7.7
2025-10-29,Blue,-3.9
2025-10-30,Blue,2.5
2025-10-30,Red,0.3
2025-10-31,Gold,9.4
2025-11-01,Blue,-1.4
2025-11-01,Blue,1.3
2025-11-01,Blue,-0.8
2025-11-01,Green,1.8
2025-11-02,Blue,0.7
2025-11-02,Red,-0.7
2025-11-02,Red,-0.8
2025-11-03,Green,0.9
2025-11-04,Red,6.1
2025-11-05,Blue,-8.2
2025-11-06,Gold,7.3
2025-11-09,Blue,7.4
2025-11-09,Blue,0.1
2025-11-09,Green,2.8
2025-11-10,Blue,1.4
2025-11-10,Red,-6.0
2025-11-11,Blue,5.4
2025-11-11,Gold,4.6
2025-11-14,Red,-1.2
2025-11-15,Green,5.5
2025-11-15,Red,5.8
2025-11-16,Blue,0.6
2025-11-17,Blue,-2.1
2025-11-17,Blue,-5.3
2025-11-17,Gold,1.5
2025-11-18,Blue,2.6
2025-11-22,Blue,7.8
2025-11-24,Green,3.7
2025-11-25,Blue,-1.8
2025-11-27,Blue,-4.1
2025-11-27,Blue,-4.2
2025-11-27,Gold,-4.3
2025-11-30,Red,1.4
2025-12-01,Green,0.2
2025-12-01,Red,5.7
2025-12-02,Gold,10.9
2025-12-02,Red,7.0
2025-12-02,Red,0.9
2025-12-03,Blue,5.9
2025-12-03,Blue,8.6
2025-12-03,Green,3.9
2025-12-04,Gold,0.3
2025-12-05,Gold,-3.8
2025-12-05,Red,-2.6
2025-12-06,Red,-2.6
2025-12-08,Green,5.7
2025-12-11,Gold,9.6
2025-12-11,Green,6.0
2025-12-11,Red,5.3
2025-12-12,Blue,-3.4
2025-12-12,Blue,8.3
2025-12-12,Red,0.8
2025-12-13,Red,4.4
2025-12-14,Blue,-1.4
2025-12-15,Blue,4.8
2025-12-15,Blue,-0.2
2025-12-15,Gold,0.9
2025-12-15,Green,1.0
2025-12-16,Blue,6.7
2025-12-16,Green,1.1
2025-12-16,Red,4.9
2025-12-16,Red,2.2
2025-12-17,Gold,5.7
2025-12-18,Blue,6.7
2025-12-18,Gold,6.5
2025-12-18,Gold,5.0
2025-12-18,Green,6.8
2025-12-18,Red,4.0
2025-12-20,Blue,1.7
2025-12-20,Blue,6.4
2025-12-20,Blue,-2.8
2025-12-20,Red,2.8
2025-12-20,Red,-2.0
2025-12-21,Green,-0.6
2025-12-22,Blue,-3.8
2025-12-23,Blue,6.4
2025-12-23,Green,6.0
2025-12-24,Red,7.4
2025-12-25,Blue,-0.6
2025-12-27,Red,4.1
2025-12-27,Red,5.7
2025-12-28,Red,5.1
2025-12-29,Gold,6.1
2025-12-29,Green,1.2
2025-12-29,Green,-2.2
2025-12-30,Blue,5.5
2025-12-30,Blue,5.9
2025-12-30,Green,8.7
2025-12-30,Red,4.8
2025-12-30,Red,4.7
2025-12-31,Blue,3.2
2025-12-31,Blue,4.2
